roundCount,playCount,amiability,aCount,cCount,dCount,totalPayoffs
1.0,0.0,0.48931438556190693,1.0,0.0,0.0,0.0
2.0,0.0,0.5914515084495255,2.0,0.0,0.0,0.0
3.0,0.0,0.6731612067596204,3.0,0.0,0.0,0.0
4.0,0.0,0.7385289654076963,4.0,0.0,0.0,0.0
5.0,1.0,0.7908231723261571,4.0,1.0,0.0,3.0
6.0,2.0,0.8326585378609257,4.0,2.0,0.0,6.0
7.0,3.0,0.8661268302887406,4.0,3.0,0.0,9.0
8.0,4.0,0.8929014642309925,4.0,4.0,0.0,12.0
9.0,5.0,0.914321171384794,4.0,5.0,0.0,15.0
10.0,6.0,0.9314569371078352,4.0,6.0,0.0,18.0
11.0,7.0,0.9451655496862681,4.0,7.0,0.0,21.0
12.0,8.0,0.9561324397490145,4.0,8.0,0.0,24.0
13.0,9.0,0.9649059517992116,4.0,9.0,0.0,27.0
14.0,10.0,0.9719247614393692,4.0,10.0,0.0,30.0
15.0,11.0,0.9775398091514954,4.0,11.0,0.0,33.0
16.0,12.0,0.9820318473211963,4.0,12.0,0.0,36.0
17.0,13.0,0.9856254778569571,4.0,13.0,0.0,39.0
18.0,14.0,0.9885003822855657,4.0,14.0,0.0,42.0
19.0,15.0,0.9908003058284526,4.0,15.0,0.0,45.0
20.0,16.0,0.992640244662762,4.0,16.0,0.0,48.0
21.0,17.0,0.9941121957302096,4.0,17.0,0.0,51.0
22.0,18.0,0.9952897565841676,4.0,18.0,0.0,54.0
23.0,19.0,0.9962318052673341,4.0,19.0,0.0,57.0
24.0,20.0,0.9969854442138673,4.0,20.0,0.0,60.0
25.0,21.0,0.9975883553710938,4.0,21.0,0.0,63.0
26.0,22.0,0.9980706842968751,4.0,22.0,0.0,66.0
27.0,23.0,0.9984565474375,4.0,23.0,0.0,69.0
28.0,24.0,0.99876523795,4.0,24.0,0.0,72.0
29.0,25.0,0.99901219036,4.0,25.0,0.0,75.0
30.0,26.0,0.999209752288,4.0,26.0,0.0,78.0
31.0,27.0,0.9993678018304,4.0,27.0,0.0,81.0
32.0,28.0,0.99949424146432,4.0,28.0,0.0,84.0
33.0,29.0,0.999595393171456,4.0,29.0,0.0,87.0
34.0,30.0,0.9996763145371648,4.0,30.0,0.0,90.0
35.0,31.0,0.9997410516297318,4.0,31.0,0.0,93.0
36.0,32.0,0.9997928413037854,4.0,32.0,0.0,96.0
37.0,33.0,0.9998342730430283,4.0,33.0,0.0,99.0
38.0,34.0,0.9998674184344226,4.0,34.0,0.0,102.0
39.0,35.0,0.9998939347475381,4.0,35.0,0.0,105.0
40.0,36.0,0.9999151477980305,4.0,36.0,0.0,108.0
41.0,37.0,0.9999321182384244,4.0,37.0,0.0,111.0
42.0,38.0,0.9999456945907396,4.0,38.0,0.0,114.0
43.0,39.0,0.9999565556725917,4.0,39.0,0.0,117.0
44.0,40.0,0.9999652445380733,4.0,40.0,0.0,120.0
45.0,41.0,0.9999721956304587,4.0,41.0,0.0,123.0
46.0,42.0,0.9999777565043669,4.0,42.0,0.0,126.0
47.0,43.0,0.9999822052034936,4.0,43.0,0.0,129.0
48.0,44.0,0.9999857641627948,4.0,44.0,0.0,132.0
49.0,45.0,0.9999886113302359,4.0,45.0,0.0,135.0
50.0,46.0,0.9999908890641886,4.0,46.0,0.0,138.0
